USE school_db;

INSERT INTO `AccessTypes` (`id`,`name`) VALUES 
('1', 'Teacher'), 
('2', 'Student'), 
('3', 'Parent'),
('4', 'Admin');

INSERT INTO `Users`(`id`,`userName`,`firstName`, `lastName`,`password`, `AccessTypeId`)
VALUES
('1', 'dprice', 'Dylan', 'Price', '$2a$10$sgjuiLpGaMbth5DyqBSv9ekqBMWq9PSxaybA/PYePnJirXbcbJFV6', '1'),
('2', 'Lharrison', 'Lily', 'Harrison', '$2a$10$zZx32mLkZ1d85AayFjudueX7dBq045LtUUSfpNGG8eI12eplyl4h2', '1'),
('3', 'Tlee', 'Tom', 'Lee', '$2a$10$5C2SB9soqRkqnWK0KUx2E.CsrDx.Mf40.pxRNMTrlUj7w2rjXv/j.', '1'),
('4', 'gvee', 'George', 'Vee', '$2a$10$//pHbEHjMk29vV8lPrpiAOKjkuplYmVpl/bAWSs1NLNQP2ItMSclS', '1'),
('10', 'ev1', 'Emily', 'Vee', '', '2'),
('11', 'ev2', 'Grace', 'Vee', '', '2'),
('12', 'ev3', 'Jasmine', 'Vee', '', '2'),
('13', 'ev4', 'Jasmine', 'Vee', '', '2'),
('14', 'ev5', 'Jasmine', 'Vee', '', '2'),
('15', 'ev6', 'Jasmine', 'Vee', '', '2'),
('16', 'ev7', 'Jasmine', 'Vee', '', '2'),
('17', 'ev8', 'Jasmine', 'Vee', '', '2'),
('18', 'ev9', 'Jasmine', 'Vee', '', '2'),
('19', 'ev11', 'Jasmine', 'Vee', '', '2'),
('20', 'ev12', 'Jasmine', 'Vee', '', '2'),
('30', 'ev14', 'Jasmine', 'Vee', '', '3');


INSERT INTO `Grades` (`id`,`name`) VALUES 
('1','Prep'), 
('2','Grade 1'),  
('3','Grade 2'), 
('4','Grade 3'),
('5','Grade 4'),
('6','Grade 5'),
('7','Grade 6');

INSERT INTO `Ratings` (`id`,`name`) VALUES 
('1','A'), 
('2','B'),  
('3','C'), 
('4','D'),
('5','E');

INSERT INTO `Subjects` (`id`,`name`) VALUES 
('1','Arts'), 
('2','Drama'),   
('3','French'), 
('4','Health'), 
('5','Maths'), 
('6','Physical Education'), 
('7','Play Based'), 
('8','Reading'), 
('9','Science'),
('10','Writing');

INSERT INTO `GradeSubjects` (`SubjectId`,`GradeId`) VALUES 
('1','1'), ('2','1'), ('3','1'), ('4','1'), ('5','1'), 
('6','1'), ('7','1'), ('8','1'), ('9','1'),('10','1'),
('1','2'), ('2','2'), ('3','2'), ('4','2'), ('5','2'), 
('6','2'), ('7','2'), ('8','2'), ('9','2'),('10','2'),
('1','3'), ('2','3'), ('3','3'), ('4','3'), ('5','3'), 
('6','3'), ('7','3'), ('8','3'), ('9','3'),('10','3'),
('1','4'), ('2','4'), ('3','4'), ('4','4'), ('5','4'), 
('6','4'), ('7','4'), ('8','4'), ('9','4'),('10','4'),
('1','5'), ('2','5'), ('3','5'), ('4','5'), ('5','5'), 
('6','5'), ('7','5'), ('8','5'), ('9','5'),('10','5'),
('1','6'), ('2','6'), ('3','6'), ('4','6'), ('5','6'), 
('6','6'), ('7','6'), ('8','6'), ('9','6'),('10','6'),
('1','7'), ('2','7'), ('3','7'), ('4','7'), ('5','7'), 
('6','7'), ('7','7'), ('8','7'), ('9','7'),('10','7');

INSERT INTO `Class` (`id`,`name`, `GradeId`, `TeacherId`) VALUES 
('1','PREP A','1',NULL), 
('2','PREP B','1',NULL), 
('3','PREP C','1',NULL), 
('4','1 A','2',NULL), 
('5','1 B','2',NULL), 
('6','1 C','2',NULL), 
('7','1 D','2',NULL), 
('8','2 A','3',NULL), 
('9','2 B','3',NULL), 
('10','2 C','3',NULL), 
('11','3 A','4',NULL), 
('12','3 B','4',NULL), 
('13','3 C','4',NULL), 
('14','4 A','5',NULL), 
('15','4 B','5',NULL), 
('16','4 C','5',NULL), 
('17','5 A','6',NULL), 
('18','5 B','6',NULL), 
('19','6 A','7',NULL), 
('20','6 B','7',NULL);

INSERT INTO `TeacherClassSubjects` (`TeacherId`,`SubjectId`,`ClassId`) VALUES 
('1','1','1'),('1','1','2'),('1','1','3'),('1','1','4'),('1','1','5'),
('1','1','6'),('1','1','7'),('1','1','8'),('1','1','9'),('1','1','10'),
('2','9','11'),('2','9','12'),('2','9','13'),('2','9','14'),('2','9','15'),
('2','9','16'),('2','9','17'),('2','9','18'),('2','9','19'),('2','9','20'),
('3','4','8'),('3','5','8'),('3','7','8'),('3','8','8'),('3','10','8'),
('4','4','14'),('4','5','14'),('4','7','14'),('4','8','14'),('4','10','14');

INSERT INTO `Students` (`id`,`UserId`,`ClassId`) VALUES 
('1','10','8'),('2','11','8'),('3','12','8'),('4','13','8'),('5','14','8'),('6','15','8'),
('7','16','14'),('8','17','14'),('9','18','14'),('10','19','14'),('11','20','14');

-- INSERT INTO `Parents`(`ParentId`,`StudentId`) VALUES
-- ('30', '1'),('30', '9');
